-- phpMyAdmin SQL Dump
-- version 4.7.7
-- https://www.phpmyadmin.net/
--
-- Host: 127.0.0.1
-- Generation Time: Jun 26, 2018 at 03:59 PM
-- Server version: 10.1.30-MariaDB
-- PHP Version: 7.2.2

SET SQL_MODE = "NO_AUTO_VALUE_ON_ZERO";
SET AUTOCOMMIT = 0;
START TRANSACTION;
SET time_zone = "+00:00";


/*!40101 SET @OLD_CHARACTER_SET_CLIENT=@@CHARACTER_SET_CLIENT */;
/*!40101 SET @OLD_CHARACTER_SET_RESULTS=@@CHARACTER_SET_RESULTS */;
/*!40101 SET @OLD_COLLATION_CONNECTION=@@COLLATION_CONNECTION */;
/*!40101 SET NAMES utf8mb4 */;

--
-- Database: `blogdb`
--

-- --------------------------------------------------------

--
-- Table structure for table `badges`
--

CREATE TABLE `badges` (
  `b_id` int(11) NOT NULL,
  `name` varchar(100) NOT NULL,
  `pic` varchar(100) NOT NULL
) ENGINE=InnoDB DEFAULT CHARSET=utf8;

--
-- Dumping data for table `badges`
--

INSERT INTO `badges` (`b_id`, `name`, `pic`) VALUES
(1, 'Good Writer', 'good_writer.png\r\n'),
(2, 'Prominent Writer', 'prominent_writer.png'),
(3, 'Best Writer', 'best_writer.png');

-- --------------------------------------------------------

--
-- Table structure for table `badge_holder`
--

CREATE TABLE `badge_holder` (
  `hold_id` int(11) NOT NULL,
  `user_id` int(11) NOT NULL,
  `b_id` int(11) NOT NULL
) ENGINE=InnoDB DEFAULT CHARSET=utf8;

-- --------------------------------------------------------

--
-- Table structure for table `comment`
--

CREATE TABLE `comment` (
  `com_id` int(12) NOT NULL,
  `post_id` int(11) NOT NULL,
  `user_id` int(11) NOT NULL,
  `text` varchar(800) NOT NULL,
  `date` date NOT NULL
) ENGINE=InnoDB DEFAULT CHARSET=utf8;

--
-- Dumping data for table `comment`
--

INSERT INTO `comment` (`com_id`, `post_id`, `user_id`, `text`, `date`) VALUES
(1, 1, 1, 'very nyc post!!', '2018-05-12'),
(6, 1, 1, 'চালিয়ে যান...', '2018-05-12'),
(7, 1, 11, 'ধন্যবাদ :) @pritom', '2018-05-12'),
(8, 1, 9, 'সিলিকন সম্পর্কে আরও লেখা চাই :D ', '2018-05-12'),
(9, 3, 12, 'খুবই তথ্যবহুল লেখা। পড়ে ভাল লাগলো। রেডিও টেলিস্কোপের কার্যকরিতা সম্পর্কে জানতে আগ্রহী। ', '2018-05-12'),
(10, 3, 1, 'খুব প্রাঞ্জল লেখা। ধন্যবাদ। :D ', '2018-05-12'),
(11, 3, 11, 'রেডিও টেলিস্কোপ কাজ করে কিভাবে?', '2018-05-12'),
(12, 4, 11, 'joSSS!! এমন লেখা আরও আরও চাই :D ', '2018-05-12'),
(13, 4, 14, 'খুবই সুন্দর লেখা। এরকম ফিউচারিস্টিক চিন্তাভাবনা নিয়ে আরও আরও লেখা চাই :) লেখকের জন্য শুভকামনা রইলো <3 ', '2018-05-12'),
(14, 4, 15, 'জোসসসস!!!! তবে আরও ভালো হতে পারতো ', '2018-05-14'),
(15, 2, 1, 'valo..\r\n', '2018-05-15'),
(16, 3, 16, 'ওয়াও!! জোশ হইছে! :D ', '2018-05-16'),
(17, 2, 14, 'আর্টিফিশিয়াল ইন্টেলিজেন্স কিভাবে কাজ করে সেই বিষয়ে আরও বিস্তারিত লিখলে ভাল হত।\r\n', '2018-05-19');

-- --------------------------------------------------------

--
-- Table structure for table `picture`
--

CREATE TABLE `picture` (
  `pic_id` int(11) NOT NULL,
  `post_id` int(11) NOT NULL,
  `user_id` int(11) NOT NULL,
  `caption` varchar(300) NOT NULL,
  `pic` varchar(512) NOT NULL
) ENGINE=InnoDB DEFAULT CHARSET=utf8;

--
-- Dumping data for table `picture`
--

INSERT INTO `picture` (`pic_id`, `post_id`, `user_id`, `caption`, `pic`) VALUES
(1, 1, 11, '', 'silicon.jpg'),
(2, 2, 11, '', 'artificial-intelligence-2.jpg'),
(3, 3, 9, 'রেডিও টেলিস্কোপ', 'radio.png'),
(4, 4, 13, 'ডায়সন স্ফিয়ারের একটি কল্পিত মডেল', 'dyson_sphere_second_1024.jpg'),
(5, 6, 12, 'ভয়েজার', 'image555.jpg'),
(6, 7, 12, '', 'Amur-950_ris_01-768x341.jpg'),
(7, 8, 14, 'plane_engine', 'Untitled-4-12.jpg'),
(8, 9, 14, '', 'feature-imagesssssss.jpg'),
(9, 10, 17, 'emp blast artist biew', 'emp-blast-640x353.jpg'),
(10, 11, 14, 'processor', 'KBY_LAKE_S_PERSP_LEFT_LOW_05_WhiteBKG-768x351.jpg');

-- --------------------------------------------------------

--
-- Table structure for table `posts`
--

CREATE TABLE `posts` (
  `post_id` int(11) NOT NULL,
  `user_id` int(11) NOT NULL,
  `title` mediumtext NOT NULL,
  `date` date NOT NULL,
  `content` mediumtext NOT NULL,
  `state` int(1) NOT NULL
) ENGINE=InnoDB DEFAULT CHARSET=utf8;

--
-- Dumping data for table `posts`
--

INSERT INTO `posts` (`post_id`, `user_id`, `title`, `date`, `content`, `state`) VALUES
(1, 11, 'সিলিকন প্রযুক্তি', '2018-05-11', 'প্রতিটি পদার্থই পরমাণু নামক ক্ষুদ্র কণা দ্বারা গঠিত। তবে এরাই ক্ষুদ্রতম কণা নয়। এগুলো গঠিত আবার ইলেকট্রন, প্রোটন এবং নিউট্রন – এই তিন কণার দ্বারা। বিভিন্ন পরমানুতে এদের সংখ্যা বিভিন্ন হয়। তবে আমাদের জানা থাকা দরকার বিদ্যুৎ প্রবাহ বলতে আমরা যা বুঝি তা হল ইলেকট্রনের প্রবাহ। কপার বা তামা আমাদের কাছে খুব পরিচিত বৈদ্যুতিক তারের জন্য। এই কপারের একটি পরমাণুতে থাকে ২৯ টি ইলেকট্রন। \r\n<br>\r\nকম্পিউটার প্রযুক্তিতে সবচেয়ে গুরুত্বপূর্ণ পরমাণু সিলিকন। এতে আছে ১৪ টি ইলেকট্রন। তবে বিশুদ্ধ সিলিকনের কোনো বিশেষত্ব নেই সাধারণত। সিলিকনের ক্রিস্টালে নিয়ন্ত্রিতভাবে ভেজাল মেশানো হয় ফলে তৈরি হয় p-type আর n-type অর্ধপরিবাহী। p-type অর্ধপরিবাহীতে ইলেকট্রণের ঘাটতি থাকে, ফলে সেখানে ইলেকট্রন হোল সৃষ্টি হয়। অন্য দিকে n-type অর্ধপরিবাহীতে থাকে অধিক পরিমান ইলেকট্রন। এই p-type আর n-type পদার্থের বিভিন্ন সজ্জায় তৈরি হয় ট্রানজিস্টর।\r\n', 1),
(2, 11, 'কৃত্রিম বুদ্ধিমত্তার মৌলিক ধারনা', '2018-05-11', 'কম্পিউটার বা যে কোন মেশিন হচ্ছে বোকা বাক্স। এগুলোকে কাজে লাগানোর জন্য ইন্ট্রাকশনের দরকার হয়। প্রোগ্রামিং ল্যাঙ্গুয়েজ ব্যবহার করে আমরা কম্পিউটার বা যে কোন মেশিনকে কিছু ইন্সট্রাকশন দেই, কম্পিউটার বা মেশিন গুলো সে অনুযায়ী কাজ করে।\r\n<br><br>\r\nএই মেশিনকে আমরা যে ইন্সট্রাকশনই দিব, মেশিন সে অনুযায়ীই কাজ করবে। এর বাহিরে নিজ থেকে কিছু করতে পারবে না। মেশিন যেন নিজ থেকে কিছু করতে হলে তার কিছু বুদ্ধি শুদ্ধি লাগবে। মেশিনের বুদ্ধি শুদ্ধিকে আমরা বলি আর্টিফিশিয়াল ইন্টেলিজেন্স বা কৃত্রিম বুদ্ধিমত্তা। একটা রোবটের কথা যদি চিন্তা করি, রোবটের বুদ্ধি হচ্ছে আর্টিফিশিয়াল ইন্টেলিজেন্স।\r\n<br><br>\r\nবুদ্ধি জিনিসটা কি?\r\n<br>\r\n<blockquote class=\'bg-white\'> <i>বুদ্ধি হচ্ছে জ্ঞান আহরণ করা এবং তা প্রয়োগ করার ক্ষমতা।</i></blockquote> সাধারণ প্রোগ্রাম গুলো জ্ঞান আহরণ করতে পারে না। কিন্তু যে সব মেশিন বা প্রোগ্রাম এমন ভাবে তৈরি করা হয়, যেন নিজে নিজে কিছু শিখে নিতে পারে, সেগুলোকে আমরা বলি বুদ্ধিমান প্রোগ্রাম বা বুদ্ধিমান মেশিন। যেমন গুগল সার্চ প্রোগ্রামটা একটা বুদ্ধিমান প্রোগ্রাম। আমরা কিছু সার্চ করলে এটি আমাদের আগের সার্চ হিস্টোরি, বয়স, লোকেশন ইত্যাদির উপর নির্ভর করে আমাদের সার্চ রেজাল্ট দেখায়।\r\n\r\n<br><br>\r\n\r\nআর্টিফিশিয়াল ইন্টেলিজেন্স এর লক্ষ্য হচ্ছে কম্পিউটার বা মেশিনকে মানুষের মত জ্ঞান দান করা। মানুষের মত চিন্তা করার ক্ষমতা দান করা।।\r\n<br><br>\r\nআর্টিফিশিয়াল ইন্টেলিজেন্স যদি আমরা খুব উন্নত করতে পারি, হয় এটি হবে সবচেয়ে দারুণ একটা পরিবর্তন অথবা সবচেয়ে ভয়ঙ্কর পরিবর্তন। এমনকি আমাদের অস্তিত্বও ধ্বংস হয়ে যেতে পারে। আমরা মানুষেরা বুদ্ধিমান, কিউরিয়াস। আমরা দেখতে চাই কি হবে ফিউচারে। এটাই হচ্ছে বুদ্ধি। আর এ জন্যই আমরা আর্টিফিশিয়াল ইন্টেলিজেন্স এর ডেভেলপ করে যাবো। আমরা চেষ্টা করে যাবো কম্পিউটারকে মানুষের মত বুদ্ধিমান করে তোলার।', 1),
(3, 9, 'সবচেয়ে বড় রেডিও টেলিস্কোপ', '2018-05-12', 'প্রায় পাঁচ বছর ধরে ১৮০ মিলিয়ন ইউএস ডলার ব্যায়ে বিশ্বের সবচেয়ে বড় রেডিও টেলিস্কোপটি তৈরি করেছে চীন, যার নাম দেয়া হয়েছে Five-hundred-meter Aperture Spherical Telescope (FAST).৪,৬০০টি ত্রিভুজাকৃতির প্যানেলবিশিষ্ট এ টেলিস্কোপের ব্যাস ৫০০ মিটার। ২০১১ সালে দক্ষিণ-পশ্চিম চীনের গুইঝাও প্রদেশের পিংটাং কাউন্টিতে এর নির্মাণকাজ শুরু হয়েছিল।<br><br>\r\n১৯৯৪ সালে সর্বপ্রথম এ টেলিস্কোপটি নির্মাণের জন্য প্রস্তাব দেয়া হয়। পরবর্তীতে ২০০৭ সালের জুলাইয়ে National Development and Reform Commission (NDRC) এর অনুমোদন দেয়। কাজ শুরু করার জন্য ঐ এলাকার প্রায় ৯,০০০ বাসিন্দাকে স্থানান্তরিত করা হয়।<br>', 1),
(4, 13, 'ডাইসন স্ফিয়ার এন্ড কসমিক পাওয়ার-প্লান্ট', '2018-05-12', 'ডাইসন বলয়: ভবিষ্যতের জীবনধারার কেমন হবে? এই প্রশ্নের একজন আশাবাদী স্বপ্নদ্রষ্টা হলেন ফ্রিম্যান ডাইসন। গত দুই দশক ধরে ডাইসনের সাথে যোগাযোগ থাকার সৌভাগ্য আমার হয়েছে, যদিও ওনার সাথে প্রথম সাক্ষাতে আমি যথেষ্ট ভয়ে ভয়ে ছিলাম। প্রিস্টন উনিভার্সিটির অ্যাডভান্স-স্টাডিতে জুনিয়ার পোস্টডক হিসেবে কাজ করার সময় একদিন বন্ধুবান্ধব ছাড়া একাই ডাইনিং রুমে দুপুরের খাবার সারছিলাম। এমনই সময় এই জগৎবিখ্যাত পদার্থবিদ যিনি কিনা আইনস্টাইন, গোডেলের (Kurt Gödel) মতো লোকদের সাথে ওঠাবসা করতেন, হঠাৎ করেই আমার টেবিলে হাজির! ডাইসন প্রথমে নিজের পরিচয় দিলেন এবং আমার সাথে বসার অনুমতি চাইলেন, সেই সাথে আমাকে স্বাচ্ছন্দ্য দিতে বললেন: খাবারের সময়টা বুড়ো প্রফেসরদের চেয়ে তরুণদের সাথেই কাটাতে ওনার ভীষণ পছন্দ। এইকথাগুলো লেখার সময় ওনার বয়স ছিলো তিরানব্বই, এই বয়সেও উনি আমার পরিচিত বেশিরভাগ মানুষের চেয়েও ভীষণ তরুণ। ওনার চোখে একধরণের অবাধ্য ছেলেমানুষি ভাব আছে, যেটা বলে দেয়: আনুষ্ঠানিকতা, প্রাতিষ্ঠানিক রীতিনীতি, কিংবা প্রচলিত পাণ্ডিত্যকে উনি খুব একটা পাত্তা দেন না। কোনো আইডিয়া যতো দুঃসাহসিক তাতে ওনার আগ্রহও ততো বেশি।\r\n<br><br>\r\nআমরা যখন শক্তি ব্যবহারের কথা বলছিলাম, ডাইসন অবজ্ঞা সুরে বললেন: মানুষ একেবারেই উচ্চাশাহীন, সাহারা মরুভূমির মাত্র ৫% অঞ্চলে যে পরিমাণ সূর্যালোক পৌঁছে শুধু সেটাই সংগ্রহ করতে পারলে গোটা পৃথিবীর শক্তির চাহিদা মেটানো সম্ভব। প্রশ্ন হলো, আমরা কেনো শুধু এতোটুকুতেই থেমে থাকবো? কেনোই বা আমরা নিজেদের শুধু পৃথিবীর সূর্যালোক সংগ্রহে সীমিত রাখবো, যেখানে বিপুল পরিমাণের সূর্য রশ্মি মহাশূন্যে অপচয় হচ্ছে? কেনো আমরা সূর্যের পুরো আউটপুটকেই জীবনের প্রয়োজনে ব্যবহার করছি না?\r\n<br><br>\r\nসস্তা প্রযুক্তিতে একটা আংশিক ডাইসন-বলয় নির্মাণের উপায় হচ্ছে, সূর্যের কক্ষপথে জুড়ে রিঙের মতো মানব বসতি তৈরি করা। সূর্যকে পুরোপুরি ঘিরে ফেলতে ধাপে ধাপে এরকম আরো রিং বসতি বসানো যেতে পারে। তবে, আবর্তনরত বসতিগুলোর ভেতর সংঘর্ষ এড়ানো জন্য এদের ঘূর্ণন অক্ষ ও নিজেদের মধ্যকার দূরত্ব (রিঙের ব্যাস) ভিন্ন হতে হবে। এই ডিজাইনের একটা ঝামেলা হলো: ভিন্ন ভিন্ন আবর্তন গতির কারণে বসতিগুলোকে সংযুক্ত করা সম্ভব না, ফলে যোগাযোগ ও যাতায়াতের ক্ষেত্রে জটিলতা তৈরি হতে পারে। রবার্ট লল ফরওয়ার্ড এবং কলিন ম্যাকইন্সের মতে, একাধিক রিং বসতির পরিবর্তে একক গোলাক সদৃশ বসতি বানানো যেতে পারে, এই বলয়ের স্থিতিশীলতা নির্ভর করে সূর্যের মাধ্যাকর্ষণজনিত অন্তর্মুখী চাপ ও বিকিরণজনিত বহির্মুখী চাপের ভারসাম্যের ওপর। এই বলয় তৈরি করা যেতে পারে, লেগো ব্লকের মতো একে পর এক স্ট্যাটিস যোগ করার মাধ্যমে\r\n<br><br>\r\nভাবানুবাদ: Life 3.0: Being Human in the Age of Artificial Intelligence” by Max Tegmark   ', 1),
(6, 12, 'ভয়েজার মহাকাশযানের আদি-অন্ত', '2018-06-26', 'জ্যোতির্বিজ্ঞানীরা পৃথিবীতে অবস্থান করেই শত আলোকবর্ষ দূরের নক্ষত্র পর্যবেক্ষণ করেছেন। কিন্তু মানুষের প্রেরিত কোনো বস্তু সেই তুলনায় খুব অল্প দূরত্বই অতিক্রম করতে পেরেছে। মানুষের প্রেরিত কোনো বস্তুর মাঝে সবচেয়ে বেশি দূরত্ব অতিক্রম করেছে মহাকাশযান ভয়েজার-১ ও ভয়েজার-২। এ দুটি যান সৌরজগতের সীমানা শেষ করে এখন অনন্ত নক্ষত্রবীথির দিকে ধাবিত হচ্ছে।\r\n<br><br>\r\nভয়েজার আজ সৌরজগতের সীমানা পেরিয়ে এগিয়ে যাচ্ছে। কিন্তু শুরুতে এর উদ্দেশ্য একদমই এরকম ছিল না। বৃহস্পতি ও শনি গ্রহ সম্পর্কে তথ্য সংগ্রহের উদ্দেশ্যে ভয়েজার-১ কে আগস্ট ১৯৭৭ সালে ও ভয়েজার-২ কে একই বছরের সেপ্টেম্বর মাসে উৎক্ষেপণ করা হয়।\r\n<br><br>\r\nমার্চ ১৯৭৯ সালে ভয়েজার-১ বৃহস্পতি গ্রহ ও নভেম্বর ১৯৮০ সালে শনি গ্রহ অতিক্রম করে। জুলাই ১৯৭৯ সালে ভয়েজার-২ বৃহস্পতি গ্রহ ও আগস্ট ১৯৮১ সালে শনি গ্রহ অতিক্রম করে। পরবর্তীতে এটি প্রথম মহাকাশযান হিসেবে ১৯৮৬ সালের জানুয়ারিতে ইউরেনাস এবং ১৯৮৯ সালের আগস্টে নেপচুন পর্যবেক্ষণ করে।', 1),
(7, 12, 'সাবমেরিনের ব্যাবচ্ছেদঃ যেভাবে কাজ করে সাবমেরিন', '2018-06-26', 'সাবমেরিন বা ডুবোজাহাজ, সুন্দর ও মিষ্টি এই নামটি যুদ্ধক্ষেত্রে প্রতিপক্ষের কানে রক্ত শীতল করা শব্দ। ১৫৬২ সালে রাজা পঞ্চম চার্লস-এর উপস্থিতিতে ২ জন গ্রিক প্রথম সাবমারসিবল (অর্ধডুবোজাহাজ)-এর মতো একটি কাঠামো তৈরি করে। এটিকে দাঁড় টেনে চালাতে হতো। পরে ১৫৭৮ সালে ইংরেজ গণিতবিদ ব্রূনো আর ১৫৯৭ সালে স্কটিশ গণিতবিদ নেফিয়ার তাদের বইতে ডুবোজাহাজ নিয়ে কিছু আঁকিবুকি করেন। পরবর্তীতে ১৮ শতকে বাণিজ্যিকভাবে তৈরি শুরু হয় ডুবোজাহাজের।\r\n<br><br>\r\n<h5><strong>গঠনপ্রণালী</strong></h5>\r\nসাবমেরিনের নাক থেকে শুরু করা যাক। সাবমেনিরের কাঠামোর চিত্রে যেটা Bow নামে দেখা যাচ্ছে ওটাই নাক। এটা সাবমেরিনের সামনের দিক। সাবমেরিন শুধু সামনের দিকে এবং স্বল্প গতিতে পেছনের দিকেও যেতে পারে। পাশাপাশি যেতে পারে না।\r\nনাকের নিচে Sonar Dome নামে একটি অংশ আছে যা দিয়ে জাহাজটা তার আশেপাশের বস্তুর আকৃতি, দূরত্ব ও অবস্থান সম্পর্কে ধারণা নেয়। এদের মাঝে আছে চেইন লকার নামে একটি অংশ যা ডুবোজাহাজকে কোথাও নোঙর করতে ব্যবহৃত হয়।\r\n<br><br>\r\nএদের পেছনেই থাকে টর্পেডো কক্ষ (Torpedo Room)। সাধারণত এখানে ৩ টি টর্পেডো নিক্ষেপক (launcher) থাকে। পাশাপাশি কয়েক রাউন্ড বাড়তি টর্পেডো রাখার জায়গাও থাকে। ডুবোজাহাজের পেছনের দিকেও এমন একটি ঘর থাকে। পার্থক্য হলো ঐ ঘরে ২ টি নিক্ষেপক থাকে। তবে উন্নত মডেলে এর পরিমাণ বাড়তে পারে।\r\n<br><br>\r\nটর্পেডো ঘরের পেছনেই অফিসারদের থাকবার জায়গা (Quarters)। এর নিচে থাকে ডুবোজাহাজের ব্যাটারির স্থান। তার নিচেই থাকে জাহাজের চালিকাশক্তির জন্য জীবাশ্ম জ্বালানি। এই তেলের ঘরটি আসলে ওই প্রস্থচ্ছেদের সাবমেরিনের পুরো অংশ জুড়েই খোলসের মতো থাকে। তেল ডুবোজাহাজের ভারসাম্যে রক্ষাতেও অবদান রাখে।', 1),
(8, 14, 'ক্রিস্টাল আইস -  বিমান যাত্রার অদৃশ্য হুমকি', '2018-06-26', '২০০৯ সালে রিওডিজেনিরো থেকে ছেড়ে যাওয়া প্যারিস গামী ফ্লাইট ৪৪৭ উড্ডয়নের কিছু সময় পরই ঝড়ের কবলে পড়ে। প্রথমে ব্যাপারটি হালকাভাবে নেয়া হলেও যারা সে সময়ের পত্রিকার শিরোনাম গুলোতে চোখ বুলিয়েছিলেন তারা জানেন ব্যাপারটির শেষটা কতটা ভয়াবহ ছিল। এটা ছিল সাম্প্রতিক কালের সবচেয়ে ভয়ানক বিমান দুর্ঘটনা। ২২৮ জন যাত্রীর সকলেরই মৃত্যু ঘটে। আটলান্টিক মহাসাগরের তলদেশ থেকে বিমানের ধ্বংসাবশেষ উদ্ধারকরতে লেগে যায় প্রায় দুই বছর। যখন ব্ল্যাকবাক্স বের করা হয় তখন সেখান থেকে সফটওয়ার ত্রুটি,পাইলটের অমনোযোগিতা সহ বিভিন্ন কারণ পাওয়া যায়। কিন্তু ছোট্ট একটি কারণ সমগ্র ব্যাপারটিকে নতুন একটি তাৎপর্যপূর্ণ  দিকে  আলোকপাত  করে।\r\n<br><br>\r\nবায়ুর গতিবেগ মাপার জন্য ব্যবহৃত ‘পিটটটিউব’ নামে একটি যন্ত্রাংশে বরফের প্রতিবন্ধকতা পাওয়া যায়। কিন্তু সমুদ্র পৃষ্ঠ থেকে ৩৫ হাজার ফুট উপরে এমনটি হওয়ার কথা নয়। আবহাওয়া সম্পর্কিত জ্ঞান বলে, সচরাচর এই উচ্চতায় পানি জমে বরফের কেলাস হওয়া সম্ভব নয়। কিন্তু  ফ্লাইট ৪৪৭-ই একা নয়। গত অর্ধ শতাব্দী ধরে\r\n<br>\r\n<blockquote class=\'bg-white\'>  আকাশ থেকে বিমান পতনের সবচেয়ে ভয়ানক কারণ এই বরফের প্রতিবন্ধকতা বা‘কেলাসিত বরফ’।</blockquote>\r\n<br>\r\nপঞ্চাশের দশকের আগ পর্যন্ত বিমান পতনের কোনোকারণ বের করা সম্ভব হয়নি। তারপর বেশ কিছু গবেষণা হলেও সেগুলোর ফলাফল স্রেফ গায়েব হয়ে গেছে। এরপর ১৯৯৪ সালে আমেরিকান ঈগল ফ্লাইট ৪১৪৪ ইন্ডিয়ানার উপর দিয়ে যাবার সময় অজানা জমাট বরফের কারণে ইঞ্জিন বন্ধ হয়ে সয়াবিনেরবাগানে পতিত হলে এ ঘটনা আবারো চিন্তার উদ্রেক করে। উল্লেখ্য,এই দূর্ঘটনায় ৬৩ যাত্রীর সকলেই মৃত্যুবরণ করে। এ ব্যাপারে মার্কিন ফেডারেল এভিয়েশন এডমিনিস্ট্রেশন(FAA)তদন্ত শুরু করে এবং পরবর্তীতে আরো ৩২ টি ঘটনা র ক্ষেত্রে এমন ব্যাপার আবিষ্কার করে। তাদের তদন্তে অতিউচ্চতায় ইঞ্জিনের হঠাৎ থেমে যাওয়া,সেন্সরের অদ্ভুতত্রুটি ,রহস্যজনক ভারীবৃষ্টির আবির্ভাব ,আকাশ পরিষ্কার থাকা সত্ত্বেও তাপমাত্রা কমে যাওয়া এবং রাডারে আবহাওয়া পরিবর্তনের কোনো আভাস না পাওয়া ইত্যাদি অদ্ভুত সব সমস্যার দেখা মিলে।', 1),
(9, 14, 'আর্টিফিশিয়াল ইন্টেলিজেন্স নিয়ে আসছে নেচারের নতুন জার্নাল', '2018-06-26', 'বিশ্বের সবচেয়ে বেশি ইমপ্যাক্ট ফ্যাক্টর বিশিষ্ট জার্নালগুলোর মাঝে নেচার-এর অবস্থান সবার উপরে। নেচার থেকে প্রকাশিত প্রায় সবগুলো জার্নালই উঁচু দরের। আর্টিফিশিয়াল ইন্টেলিজেন্স নিয়ে নেচার কর্তৃপক্ষ থেকে আগে কোনো গবেষণাপত্র প্রকাশ পেতো না। সামান্য কিছু পেলেও সেগুলো অন্য জার্নালগুলোতে পেতো। আলাদা করে একক কোনো জার্নাল ছিল না।\r\n<br><br>\r\nকিন্তু এবার নেচার থেকে আসলো সুসংবাদ। নেচার মেশিন ইন্টেলিজেন্স নামে একটি জার্নাল নেচার থেকে প্রকাশিত হতে যাচ্ছে। সবকিছু ঠিকঠাক থাকলে আগামী বছর অর্থাৎ, ২০১৯ সালের জানুয়ারিতে এই জার্নালটির যাত্রা শুরু হতে হচ্ছে। বিগ ডাটা এবং এআই এর যুগে প্রযুক্তি যেভাবে এগিয়ে যাচ্ছে তাতে নতুন নতুন গবেষণা করার সুযোগ সৃষ্টি হচ্ছে। কিন্তু নেচারের মতো খ্যাতনামা প্রকাশনীর এ বিষয়ের উপর কোনো একক গবেষণা সাময়িকী বা জার্নাল প্রকাশিত হতো না। এবার থেকে সেই দরজা খুলে গেলো।<br><br>\r\nমূলত আর্টিফিশিয়াল ইন্টেলিজেন্স বা কৃত্তিম বুদ্ধিমত্তা, মেশিন লার্নিং, রোবটিক্স, ডাটা মাইনিং ইত্যাদি বিষয়ে মৌলিক গবেষণা সংবলিত গবেষণাপত্র ছাপা হবে এখানে। তাছাড়া মানুষ এবং রোবটের মধ্যকার মিথস্ক্রিয়া, কৃত্তিম বুদ্ধিমত্তার অন্যান্য বিষয়ের উপর কীভাবে ব্যবহার করা হচ্ছে এগুলো নিয়েও গবেষণা প্রকাশ করা যাবে।', 1),
(10, 17, 'EMP, ডিজিটাল সভ্যতায় এক আতঙ্কের নাম!', '2018-06-26', 'কেমন হয় যদি আপনার সহ আপনার আশেপাশে দাঁড়িয়ে বা বসে থাকা লোকদের সবার ব্যবহার করতে থাকা স্মার্টফোন বা কম্পিউটার কোনো বিন্দুমাত্র সিগনাল ছাড়া হঠাৎ করেই বন্ধ হয়ে যায়! একটা নুন্যতম ওয়ার্নিং ছাড়াই! আর সেই সাথে ড্যামেজ হয়ে যায় তার ভেতরে থাকা প্রত্যেকটা যন্ত্রাংশ। এমনকি সার্কিট বোর্ডটাও?!\r\nহ্যাঁ, এমনি এক আতঙ্কের কাজ এটা, যার নাম EMP!\r\nEMP বা Electromagnetic Pulse এর নাম আমরা অনেকে শুনেছি, আবার অনেকে নাও শুনে থাকতে পারি। তবে যারা সায়েন্স ফিকশন মুভি বা সিরিজ দেখেন এবং যারা শুটার গেম খেলে অভ্যস্ত তাদের কাছে EMP Bomb, EMP Grenade বেশ পরিচিত একটা নাম। তো যাইহোক, আশাকরি বুঝতেই পারছেন, পরিচিত হোক বা না হোক, EMP গুরুতর কোনোকিছুরই নাম। আজ আমরা আলোচনা করবো এই EMP এবং EMP Bomb/Device তথা মিলিটারি EMP নিয়ে।\r\nতো প্রথমেই চলুন জেনে নেয়া যাক EMP আসলে কি?\r\n<br><br>\r\nEMP বা Electromagnetic Pulse হচ্ছে একধরণে পালস, বা সহজ ভাষায় ধাক্কা/ বিচ্ছুরণ বা বলতে পারেন ছিটকে বের হওয়া ইলেক্ট্রোম্যাগনেটিক তরঙ্গ। একে Transient Electromagnetic Disturbanceও বলে। আর এই ধাক্কা কোনো সাধারণ ধাক্কা নয়, এটি হল বিদ্যুৎ দ্বারা উৎপন্ন চৌম্বকীয় তরঙ্গের ছিটকে ছড়িতে পড়া স্রোত।কোনো উৎস থেকে যখন ইলেক্ট্রিক্যালি চার্জড পার্টিকেল বা কণা বা সহজ কথায় ইলেকট্রন ব্যাপক মাত্রায় বিচ্ছুরিত হয়ে একই সাথে ইলেকট্রিক ও ম্যাগনেটিক বা চৌম্বকীয় শক্তির বিচ্ছুরণ ঘটায় তখন সেই বিচ্ছুরিত তড়িৎ – চৌম্বকীয় বিচ্ছুরণকেই EMP বলে।\r\n<br><br>\r\nউৎস অনুযায়ী এই স্রোতের বিস্তার শর্ট রেঞ্জ বা লং রেঞ্জ এর হতে পারে। এর ধাক্কাও হাল্কা বা প্রচন্ডরকম শক্তিশালী হতে পারে। তবে যেটাই হোক না কেনো, ঘনীভূত বিদ্যুৎ শক্তির কারণে উৎপন্ন এই ছিটকে পড়া চৌম্বকীয় তরঙ্গের প্রতি মিটার ভোল্ট এত বেশি হয় যে তা আশেপাশের মানুষের ক্ষতি করুক না করুক, কিন্তু তার রেঞ্জ/রেডিয়াসের দায়রায় পড়া প্রত্যেকটা ইলেক্ট্রনিক ও ডিজিটাল ডিভাইসকে তার শেষ ঠিকানায় পাঠিয়ে দিতে পারে। চাক সেটা হোক আপনার স্মার্টফোন, আপনার ল্যাপটপ, ডেক্সটপ বা এমনকি আপনার টেলিভিশন, অথবা “শুধুমাত্র কোম্পানির প্রচারের জন্য” আপনার ঘরের দেয়ালে জ্বলতে থাকা এনার্জি সেভিং লাইট…!\r\n<h4><strong>EMP কেনো এত ভয়াবহ?</strong></h4>\r\n<br>\r\nElectroMagnetic Force বা চৌম্বকীয় শক্তি চার মৌলিক প্রাকৃতিক শক্তিগুলোর একটি। এমনকি এই শক্তি মাধ্যাকর্ষণের চাইতেও অধিক শক্তিশালী। স্বভাবতই মৌলিক প্রাকৃতিক শক্তি হওয়ার দরুন এ শক্তি ব্যাপক বিস্তৃত। একই সাথে বৈদ্যুতিক এবং চৌম্বকীয় এই শক্তি যেকোনো ধরণের বিদ্যুৎ পরিবাহী বস্তুর সাথে ক্রিয়াশীল। আর এদিকেই বাধে বিপত্তি। আমাদের গোটা সভ্যতা গড়ে উঠেছে অনেকখানিই বিদ্যুতের উপর নির্ভর করে। চলার গাড়ি থেকে শুরু করে মাথার উপর ফ্যান, বাতি, হাতের স্মার্টফোন, কম্পিউটার, টেলিভিশন সবই বৈদ্যুতিক যন্ত্রপাতির আওতায়। প্রতিটা আধুনিক কলকারখানা বৈদ্যুতিক যন্ত্রপাতির উপর নির্ভরশীল। আর যদি ধরি কম্পিউটার প্রযুক্তির কথা, আধুনিক বিশ্বে কম্পিউটার ছাড়া যেকোনো দেশ অচল। স্রেফ অচল।\r\n<br><br>\r\nতো কথা হচ্ছে এইসব যন্ত্রপাতিরই বিদ্যুৎ পরিবহণের, বিভব পার্থক্যের বা ভোল্টের একটা সর্বোচ্চসীমা রয়েছে। এর উপরে কোনো শক্তি এইসব যন্ত্রপাতি এবং এগুলোর সাথে সংযুক্ত সার্কিট বোর্ড, চিপ ইত্যাদির সংস্পর্শে আসলে সেগুলোকে এমনকি চিরতরে অকেজো করে দিতে পারে। আর EMP এর প্রতি মিটারে ভোল্টের মাত্রা V/m এসব যন্ত্রপাতির সহ্যক্ষমতার চাইতে অনেক অনেক বেশি। যা দশগুণ থেকে শুরু করে হাজারগুণ বেশিও হতে পারে! এমনকি পারমাণবিক তড়িৎচৌম্বকীয় ধাক্কার শক্তি মিটারে বিশ থেকে ত্রিশ হাজার ভোল্টেরো হতে পারে। যা একটা যন্ত্রকে একদম এক নিমিষে পুরোপুরি তছনছ করে দিতে সক্ষম। যেখানে যুদ্ধবিমানের ককপিটের সরঞ্জামাদির সর্বোচ্চসীমা থাকে 7200 V/m!\r\n<br><br>\r\nতো বুঝতেই পারছেন EMP যেকোনো, স্রেফ যেকোনো বৈদ্যুতিক যন্ত্রের জন্যে কতটা ক্ষতিকর!<br><br>', 1),
(11, 14, 'সিলিকন থেকে ট্রানজিস্টর এবং মাইক্রোপ্রোসেসর', '2018-06-26', 'আমরা এখন আমাদের চারিপাশে ইলেকট্রনিক্স জগতে দেখি সেমিকন্ডাকটর বা অর্ধপরিবাহীর জয়জয়কার। এক্ষেত্রে সবচেয়ে পরিচিত সেমিকন্ডাক্টর হল সিলিকন(Si) যা বালির একটি উপাদান আর তা খুবই সহজলভ্য। সারা পৃথিবীতে কি পরিমাণ বালি আছে তা আর কাউকে বলা লাগে না। সিলিকন এত সহজলভ্য হওয়ার কারণেই প্রযুক্তির এই ক্ষেত্রটা খুব দ্রুত অগ্রসর হয়েছে এবং হচ্ছে। \r\nঅর্ধপরিবাহীর একটি ধর্ম হল, তাপমাত্রা বাড়লে এর অভ্যন্তরে ইলেকট্রণের প্রবাহ খুব সহজেই হতে পারে। তবে একটি বিশুদ্ধ সিলিকনের টুকরার আসলে তেমন বিশেষত্ব নেই। সিলিকনের মধ্যে নিয়ন্ত্রিতভাবে ভেজাল মিশিয়ে তৈরি হয় p-type আর n-type অর্ধপরিবাহী। এই দুই প্রকার অর্ধপরিবাহীর সহযোগেই তৈরি হয় ডায়োড আর ট্রানজিস্টর যা এখন কম্পিউটার প্রযুক্তির প্রাণ। \r\nতো ট্রানজিস্টর কিভাবে ইলেকট্রনিক্স প্রযুক্তিকে এত এগিয়ে নিয়ে গেল?\r\nএটা সম্ভব হয়েছে ট্রানজিস্টর দিয়ে সহজেই সুইচিং(switching) কার্যক্রম চালানো যায়। অর্থাৎ একে সুবিধামত on-off করা যায়। এতে করে অনেক লজিকাল অপারেশন দ্রুত করা যায়। ব্যাপারটাকে আরও সহজে বোঝা যাক।\r\nকম্পিউটারে আমরা যে বিভিন্ন নির্দেশনা দেই তার জন্য আমরা বিভিন্ন প্রোগ্রামিং ভাষা ব্যবহার করি। কম্পিউটার কিন্তু ওই প্রোগ্রামিং ভাষাগুলো সরাসরি বুঝতে পারে না। এই প্রোগ্রামিং ভাষায় দেয়া নির্দেশনাগুলো পরে বাইনারি তে রূপান্তরিত হয়। অর্থাৎ ০ আর ১ এক সমষ্টি। এক্ষেত্রে শূন্য বলতে ইলেকট্রনিক্সে off-state বা বন্ধ অবস্থা আর ১ বলতে বোঝায় on-state বা চালু অবস্থা। তাহলে বুঝতেই পারছেন, আপনার একটা নির্দেশনার বিপরীতে কম্পিউটারের একেবারে অভ্যন্তরে চলছে বন্ধ আর চালু হবার খেলা। আর এই বন্ধ-চালু(on-off) এর ব্যাপারটা যেন তেন করে উড়িয়ে দেয়ার ব্যাপার না। শুনলে অবাক হবেন, এখনকার সময়ে আমাদের বাসা-বাড়িতে ব্যবহার্য কম্পিউটারগুলো সেকেন্ডে লক্ষাধিক নির্দেশনা সম্পাদন করে। তার মানে প্রতি সেকেন্ডে কম্পিউটার সার্কিটের বিভিন্ন পয়েন্টে কি পরিমাণ বন্ধ-চালু হওয়ার ঘটনা ঘটছে ভেবে দেখেছেন? \r\nএকবার ভাবুন তো, আপনি আপনার বাসার পাখার সুইচ সেকেন্ডে লক্ষ বার অন-অফ করতে পারবেন কিনা! যান্ত্রিক উপায়েও এই পরিমাণ অন-অফ করা সম্ভব হয় না। কিন্তু ইলেকট্রনিক্সের জগতে এটা খুব সম্ভব! ট্রানজিস্টর দিয়ে এটা করা সম্ভব।\r\n<br>\r\nসেমিকন্ডাকটার আর ন্যানোপ্রযুক্তি কতটা বিস্ময়কর হতে পারে তা কিছু সহজ উদাহরণে দেখা যাক। ইলেকট্রনিক্সে ট্রানজিস্টরের প্রতীক নিচে দেখানো হল। \r\nইলেকট্রনিক্সে বিভিন্ন কাজ করার জন্য Integrated Circuit(IC) বা সমন্বিত বর্তনী (সংক্ষেপে আইসি) ব্যবহার করা হয়। মূলত বিভিন্ন ইলেকট্রনিক উপাদান(electronics component) দিয়ে সার্কিট বানিয়ে একটা প্যাকেজ তৈরি তৈরি করা হয়। এটাই আইসি। সাধারনত আইসিগুলোতে ট্রানজিস্টর আর রেজিস্টর(রোধ) থাকে। এখানে আইসি 555 এর সার্কিট ডায়াগ্রাম দেখানো হল।\r\n<br><br>\r\nসার্কিটটা দেখতে কি একটু জটিল মনে হচ্ছে? এখানে ২৫ টার মত ট্রানজিস্টর আছে। সাথে দুটি ডায়োড আর ১৫ টি রোধ। কিন্তু পুরো প্যাকেজটার আকার খুবই ক্ষুদ্র। দৈর্ঘের দিক থেকে মোটামুটি ১০ মিলি-মিটারের মত। এটুকুর মধ্যেই এতোগুলো ট্রানজিস্টর আর রোধ দিয়ে সার্কিট ডিজান করা হয়েছে। এই আইসি দিয়ে বেশ কিছু কাজ করা যায়। সহজ যে কাজটা করা যায় তা হল, একটা সময় ব্যবধানে বাতি জ্বলা-নিভা করা।  \r\nএবার চলুন কম্পিউটারের মাইক্রোপ্রোসেসরের দিকে তাকানো যাক। মাইক্রোপ্রসেসরও এক ধরনের আইসি। এই প্রোসেসরই হল কম্পিউটারের প্রাণ আর এটা গঠিত কোটি কোটি ট্রানজিস্টর নিয়ে।\r\nIntel® Core™ i7 প্রসেসরের প্যাকেজের ক্ষেত্রফল মাত্র 42.5mm x 45mm। কিন্তু এতে আছে ৭৩১ মিলিয়ন ট্রানজিস্টর![১] একটা বাতি টানা এক মিলিয়নবার অন-অফ করতে আপনার হয়তো সময় লেগে যেতে পারে ২৫ বছর। কিন্তু এই প্রোসেসরের লাগবে মাত্র এক সেকেন্ড! চিন্তা করে দেখুন তাহলে, কত জটিল কাজ চোখের নিমিশে করিয়ে নেয়া সম্ভব এই ছোট্ট একটা প্রোসেসর দিয়ে যার মধ্যে কিনা কোটি কোটি ট্রানজিস্টর সুবিন্যস্ত আছে। \r\n<blockquote class=\'bg-white\'> <i> ইনটেল কর্পোরেশনের মাইক্রোপ্রোসেসরের যাত্রার প্রথম দিকে তারা যে প্রোসেসর বানিয়েছিল তা ছিল Intel® 4004 যাতে ছিল মাত্র ২৩০০০ ট্রানজিস্টর।[২] আর এই ছিল ১৯৭১ এর দিকের ঘটনা। আর আজ কিনা বাসাবাড়িতে ব্যবহার করা কম্পিউটারের মাইক্রোপ্রোসেসরে ট্রানজিস্টরের সংখ্যা মিলিয়নের ঘরে! আর এ পর্যন্ত সব থেকে বেশি সংখ্যক ট্রানজিস্টরওয়ালা মাইক্রোপ্রোসেসরে আছে ৩ বিলিয়নের উপর ট্রানজিস্টর! ভাবুন তাহলে! একটুখানি জায়গার মধ্যে কত কত ট্রানজিস্টর সুসজ্জিত করার উপায় বিজ্ঞানীরা আবিষ্কার করে ফেলেছে।\r\n</i></blockquote>\r\nইনটেল কর্পোরেশনের মাইক্রোপ্রোসেসরের যাত্রার প্রথম দিকে তারা যে প্রোসেসর বানিয়েছিল তা ছিল Intel® 4004 যাতে ছিল মাত্র ২৩০০০ ট্রানজিস্টর।[২] আর এই ছিল ১৯৭১ এর দিকের ঘটনা। আর আজ কিনা বাসাবাড়িতে ব্যবহার করা কম্পিউটারের মাইক্রোপ্রোসেসরে ট্রানজিস্টরের সংখ্যা মিলিয়নের ঘরে! আর এ পর্যন্ত সব থেকে বেশি সংখ্যক ট্রানজিস্টরওয়ালা মাইক্রোপ্রোসেসরে আছে ৩ বিলিয়নের উপর ট্রানজিস্টর! ভাবুন তাহলে! একটুখানি জায়গার মধ্যে কত কত ট্রানজিস্টর সুসজ্জিত করার উপায় বিজ্ঞানীরা আবিষ্কার করে ফেলেছে।\r\n\r\n<br><br>\r\nতথ্যসূত্রঃ\r\n১) https://ark.intel.com/products/41447\r\n২) www.intel.com/content/www/us/en/history/museum-story-of-intel-4004.html\r\n', 1);

-- --------------------------------------------------------

--
-- Table structure for table `user_list`
--

CREATE TABLE `user_list` (
  `id` int(11) NOT NULL,
  `username` varchar(30) NOT NULL,
  `firstname` varchar(30) NOT NULL,
  `lastname` varchar(30) NOT NULL,
  `password` varchar(44) NOT NULL,
  `email` varchar(255) NOT NULL,
  `state` int(1) NOT NULL,
  `admin` int(1) NOT NULL
) ENGINE=InnoDB DEFAULT CHARSET=utf8;

--
-- Dumping data for table `user_list`
--

INSERT INTO `user_list` (`id`, `username`, `firstname`, `lastname`, `password`, `email`, `state`, `admin`) VALUES
(1, 'admin', 'Pritom', 'Mojumder', '112233', 'pritom.blue2@gmail.com', 1, 1),
(5, 'nl01', 'Nox', 'Lox', '1234', 'nl01@mail.com', 3, 0),
(6, 'jl15', 'John', 'Lee', '112233', 'jn15@gmail.com', 3, 0),
(7, 'jj', 'Jetu', 'Jetu', '112233', 'jj@mail.com', 0, 0),
(9, 'pp', 'Pial', 'Rahman', '112233', 'pial@gmail.com', 1, 0),
(10, 'mh', 'Mamun', 'Hasan', '112233', 'mh@gmail.com', 1, 0),
(11, 'mh09', 'Mahim', 'Hossen', '112233', 'mh09@gmail.com', 1, 1),
(12, 'aj', 'Adrik', 'Jio', '112233', 'aj@gmail.com', 0, 0),
(13, 'ak', 'Abuhyat', 'Khan', '112233', 'ak@gmail.com', 1, 1),
(14, 'nh', 'Nafisa', 'Haque', '112233', 'nh@gmail.com', 1, 0),
(15, 'ss', 'Salmir', 'Sadat', '112233', 'ss@gmail.com', 1, 0),
(16, 'rt', 'Ratnam', 'Mojumder', '112233', 'rt@gmail.com', 1, 0),
(17, 'mr', 'Monoj', 'Roy', '112233', 'mr20@gmail.com', 1, 0),
(18, 'mrahman', 'Mashuk', 'Rahman', '112233', 'mrahman@gmail.com', 1, 0),
(19, 'ddd', 'DDD', 'DDD', '123', 'ddd@gmail.com', 3, 0),
(20, 'aaa', 'aaa', 'aaa', '112233', 'aaa@gmail.com', 3, 0);

--
-- Indexes for dumped tables
--

--
-- Indexes for table `badges`
--
ALTER TABLE `badges`
  ADD PRIMARY KEY (`b_id`);

--
-- Indexes for table `badge_holder`
--
ALTER TABLE `badge_holder`
  ADD PRIMARY KEY (`hold_id`),
  ADD KEY `user_id` (`user_id`);

--
-- Indexes for table `comment`
--
ALTER TABLE `comment`
  ADD PRIMARY KEY (`com_id`),
  ADD KEY `post_id_2` (`post_id`),
  ADD KEY `post_id` (`post_id`) USING BTREE;

--
-- Indexes for table `picture`
--
ALTER TABLE `picture`
  ADD PRIMARY KEY (`pic_id`),
  ADD KEY `id_post` (`post_id`);

--
-- Indexes for table `posts`
--
ALTER TABLE `posts`
  ADD PRIMARY KEY (`post_id`);

--
-- Indexes for table `user_list`
--
ALTER TABLE `user_list`
  ADD PRIMARY KEY (`id`,`username`);

--
-- AUTO_INCREMENT for dumped tables
--

--
-- AUTO_INCREMENT for table `badges`
--
ALTER TABLE `badges`
  MODIFY `b_id` int(11) NOT NULL AUTO_INCREMENT, AUTO_INCREMENT=4;

--
-- AUTO_INCREMENT for table `badge_holder`
--
ALTER TABLE `badge_holder`
  MODIFY `hold_id` int(11) NOT NULL AUTO_INCREMENT;

--
-- AUTO_INCREMENT for table `comment`
--
ALTER TABLE `comment`
  MODIFY `com_id` int(12) NOT NULL AUTO_INCREMENT, AUTO_INCREMENT=18;

--
-- AUTO_INCREMENT for table `picture`
--
ALTER TABLE `picture`
  MODIFY `pic_id` int(11) NOT NULL AUTO_INCREMENT, AUTO_INCREMENT=11;

--
-- AUTO_INCREMENT for table `posts`
--
ALTER TABLE `posts`
  MODIFY `post_id` int(11) NOT NULL AUTO_INCREMENT, AUTO_INCREMENT=12;

--
-- AUTO_INCREMENT for table `user_list`
--
ALTER TABLE `user_list`
  MODIFY `id` int(11) NOT NULL AUTO_INCREMENT, AUTO_INCREMENT=21;

--
-- Constraints for dumped tables
--

--
-- Constraints for table `comment`
--
ALTER TABLE `comment`
  ADD CONSTRAINT `comment_ibfk_1` FOREIGN KEY (`post_id`) REFERENCES `posts` (`post_id`);

--
-- Constraints for table `picture`
--
ALTER TABLE `picture`
  ADD CONSTRAINT `picture_ibfk_1` FOREIGN KEY (`post_id`) REFERENCES `posts` (`post_id`);
COMMIT;

/*!40101 SET CHARACTER_SET_CLIENT=@OLD_CHARACTER_SET_CLIENT */;
/*!40101 SET CHARACTER_SET_RESULTS=@OLD_CHARACTER_SET_RESULTS */;
/*!40101 SET COLLATION_CONNECTION=@OLD_COLLATION_CONNECTION */;
